0	zero
1	one
2	two
3	three
4	four
5	five
6	six
7	seven
8	eight
9	nine
Alt_L	Alt
Alt_R	Alt
Byelorussian_SHORTU	bielorussian_cyrillic_capital_letter_short_u
Byelorussian_shortu	bielorussian_cyrillic_small_letter_short_u
Control_L	Control
Control_R	Control
Cyrillic_A	cyrillic_capital_letter_a
Cyrillic_BE	cyrillic_capital_letter_be
Cyrillic_CHE	cyrillic_capital_letter_che
Cyrillic_DE	cyrillic_capital_letter_de
Cyrillic_DZHE	cyrillic_capital_letter_dzhe
Cyrillic_E	cyrillic_capital_letter_e
Cyrillic_E	cyrillic_capital_letter_reversed_e
Cyrillic_EF	cyrillic_capital_letter_ef
Cyrillic_EL	cyrillic_capital_letter_el
Cyrillic_EM	cyrillic_capital_letter_em
Cyrillic_EN	cyrillic_capital_letter_en
Cyrillic_ER	cyrillic_capital_letter_er
Cyrillic_ES	cyrillic_capital_letter_es
Cyrillic_GHE	cyrillic_capital_letter_ge
Cyrillic_GHE	cyrillic_capital_letter_ghe
Cyrillic_HA	cyrillic_capital_letter_ha
Cyrillic_HA	cyrillic_capital_letter_kha
Cyrillic_HARDSIGN	cyrillic_capital_hard_sign
Cyrillic_I	cyrillic_capital_letter_i
Cyrillic_I	cyrillic_capital_letter_ii
Cyrillic_IE	cyrillic_capital_letter_ie
Cyrillic_IO	cyrillic_capital_letter_io
Cyrillic_JE	cyrillic_capital_letter_je
Cyrillic_KA	cyrillic_capital_letter_ka
Cyrillic_LJE	cyrillic_capital_letter_lje
Cyrillic_NJE	cyrillic_capital_letter_nje
Cyrillic_O	cyrillic_capital_letter_o
Cyrillic_PE	cyrillic_capital_letter_pe
Cyrillic_SHA	cyrillic_capital_letter_sha
Cyrillic_SHCHA	cyrillic_capital_letter_shcha
Cyrillic_SHORTI	cyrillic_capital_letter_short_i
Cyrillic_SHORTI	cyrillic_capital_letter_short_ii
Cyrillic_SOFTSIGN	cyrillic_capital_soft_sign
Cyrillic_TE	cyrillic_capital_letter_te
Cyrillic_TSE	cyrillic_capital_letter_tse
Cyrillic_U	cyrillic_capital_letter_u
Cyrillic_VE	cyrillic_capital_letter_ve
Cyrillic_YA	cyrillic_capital_letter_ia
Cyrillic_YA	cyrillic_capital_letter_ya
Cyrillic_YERU	cyrillic_capital_letter_yeri
Cyrillic_YERU	cyrillic_capital_letter_yeru
Cyrillic_YU	cyrillic_capital_letter_iu
Cyrillic_YU	cyrillic_capital_letter_yu
Cyrillic_ZE	cyrillic_capital_letter_ze
Cyrillic_ZHE	cyrillic_capital_letter_zhe
Cyrillic_a	cyrillic_small_letter_a
Cyrillic_be	cyrillic_small_letter_be
Cyrillic_che	cyrillic_small_letter_che
Cyrillic_de	cyrillic_small_letter_de
Cyrillic_dzhe	cyrillic_small_letter_dzhe
Cyrillic_e	cyrillic_small_letter_e
Cyrillic_e	cyrillic_small_letter_reversed_e
Cyrillic_ef	cyrillic_small_letter_ef
Cyrillic_el	cyrillic_small_letter_el
Cyrillic_em	cyrillic_small_letter_em
Cyrillic_en	cyrillic_small_letter_en
Cyrillic_er	cyrillic_small_letter_er
Cyrillic_es	cyrillic_small_letter_es
Cyrillic_ghe	cyrillic_small_letter_ge
Cyrillic_ghe	cyrillic_small_letter_ghe
Cyrillic_ha	cyrillic_small_letter_ha
Cyrillic_ha	cyrillic_small_letter_kha
Cyrillic_hardsign	cyrillic_small_hard_sign
Cyrillic_i	cyrillic_small_letter_i
Cyrillic_i	cyrillic_small_letter_ii
Cyrillic_ie	cyrillic_small_letter_ie
Cyrillic_io	cyrillic_small_letter_io
Cyrillic_je	cyrillic_small_letter_je
Cyrillic_ka	cyrillic_small_letter_ka
Cyrillic_lje	cyrillic_small_letter_lje
Cyrillic_nje	cyrillic_small_letter_nje
Cyrillic_o	cyrillic_small_letter_o
Cyrillic_pe	cyrillic_small_letter_pe
Cyrillic_sha	cyrillic_small_letter_sha
Cyrillic_shcha	cyrillic_small_letter_shcha
Cyrillic_shorti	cyrillic_small_letter_short_i
Cyrillic_shorti	cyrillic_small_letter_short_ii
Cyrillic_softsign	cyrillic_small_soft_sign
Cyrillic_te	cyrillic_small_letter_te
Cyrillic_tse	cyrillic_small_letter_tse
Cyrillic_u	cyrillic_small_letter_u
Cyrillic_ve	cyrillic_small_letter_ve
Cyrillic_ya	cyrillic_small_letter_ia
Cyrillic_ya	cyrillic_small_letter_ya
Cyrillic_yeru	cyrillic_small_letter_yeri
Cyrillic_yeru	cyrillic_small_letter_yeru
Cyrillic_yu	cyrillic_small_letter_iu
Cyrillic_yu	cyrillic_small_letter_yu
Cyrillic_ze	cyrillic_small_letter_ze
Cyrillic_zhe	cyrillic_small_letter_zhe
Greek_ALPHA	Alpha
Greek_ALPHAaccent	Alphaaccent
Greek_BETA	Beta
Greek_CHI	Chi
Greek_CHI	Khi
Greek_DELTA	Delta
Greek_EPSILON	Epsilon
Greek_EPSILONaccent	Epsilonaccent
Greek_ETA	Eta
Greek_ETAaccent	Etaaccent
Greek_GAMMA	Gamma
Greek_IOTA	Iota
Greek_IOTAaccent	Iotaaccent
Greek_IOTAdiaeresis	Iotadiaeresis
Greek_KAPPA	Kappa
Greek_LAMBDA	Lambda
Greek_LAMDA	Lamda
Greek_MU	Mu
Greek_NU	Nu
Greek_OMEGA	Omega
Greek_OMEGAaccent	Omegaaccent
Greek_OMICRON	Omicron
Greek_OMICRONaccent	Omicronaccent
Greek_PHI	Phi
Greek_PI	Pi
Greek_PSI	Psi
Greek_RHO	Rho
Greek_SIGMA	Sigma
Greek_TAU	Tau
Greek_THETA	Theta
Greek_UPSILON	Upsilon
Greek_UPSILONaccent	Upsilonaccent
Greek_UPSILONdieresis	Upsilondieresis
Greek_XI	Ksi
Greek_XI	Xi
Greek_ZETA	Zeta
Greek_accentdieresis	accent
Greek_alpha	alpha
Greek_alphaaccent	alphaaccent
Greek_beta	beta
Greek_chi	chi
Greek_chi	khi
Greek_delta	delta
Greek_epsilon	epsilon
Greek_epsilonaccent	epsilonaccent
Greek_eta	eta
Greek_etaaccent	etaaccent
Greek_finalsmallsigma	terminalsigma
Greek_gamma	gamma
Greek_horizbar	horizbar
Greek_iota	iota
Greek_iotaaccent	iotaaccent
Greek_iotaaccentdieresis	iotaaccentdieresis
Greek_iotadieresis	iotadieresis
Greek_kappa	kappa
Greek_lambda	lambda
Greek_lamda	lamda
Greek_mu	mu
Greek_nu	nu
Greek_omega	omega
Greek_omegaaccent	omegaaccent
Greek_omicron	omicron
Greek_omicronaccent	omicronaccent
Greek_phi	phi
Greek_pi	pi
Greek_psi	psi
Greek_rho	rho
Greek_sigma	sigma
Greek_switch	switch
Greek_tau	tau
Greek_theta	theta
Greek_upsilon	upsilon
Greek_upsilonaccent	upsilonaccent
Greek_upsilonaccentdieresis	upsilonaccentdieresis
Greek_upsilondieresis	upsilondieresis
Greek_xi	ksi
Greek_xi	xi
Greek_zeta	zeta
Hyper_L	Alt
Hyper_R	Alt
ISO_First_Group	ShiftL_Lock
ISO_First_Group_Lock	ShiftL_Lock
ISO_Group_Latch	ShiftL
ISO_Group_Lock	ShiftL_Lock
ISO_Group_Shift	ShiftL
ISO_Last_Group	ShiftL_Lock
ISO_Last_Group_Lock	ShiftL_Lock
ISO_Left_Tab	Meta_Tab
ISO_Level2_Latch	Shift
ISO_Level3_Latch	AltGr
ISO_Level3_Lock	AltGr_Lock
ISO_Level3_Shift	AltGr
ISO_Level5_Latch	AltGr
ISO_Level5_Lock	AltGr_Lock
ISO_Level5_Shift	AltGr
ISO_Lock	Caps_Lock
ISO_Next_Group	ShiftL_Lock
ISO_Next_Group_Lock	ShiftL_Lock
ISO_Prev_Group	ShiftL_Lock
ISO_Prev_Group_Lock	ShiftL_Lock
KP_Decimal	KP_Comma
KP_Down	KP_2
KP_End	KP_1
KP_Home	KP_7
KP_Insert	KP_0
KP_Left	KP_4
KP_Next	KP_3
KP_Prior	KP_9
KP_Right	KP_6
KP_Up	KP_8
L1	F11
L10	F20
L2	F12
L3	F13
L4	F14
L5	F15
L6	F16
L7	F17
L8	F18
L9	F19
Macedonia_DSE	macedonian_cyrillic_capital_letter_dze
Macedonia_GJE	macedonian_cyrillic_capital_letter_gje
Macedonia_KJE	macedonian_cyrillic_capital_letter_kje
Macedonia_dse	macedonian_cyrillic_small_letter_dze
Macedonia_gje	macedonian_cyrillic_small_letter_gje
Macedonia_kje	macedonian_cyrillic_small_letter_kje
Meta_L	Alt
Meta_R	Alt
Mode_switch	AltGr
Multi_key	Compose
Num_Lock	Num_Lock
Print	Control_backslash
R1	F21
R10	F30
R11	F31
R12	F32
R13	F33
R14	F34
R15	F35
R2	F22
R3	F23
R4	F24
R5	F25
R6	F26
R7	F27
R8	F28
R9	F29
Serbian_DJE	serbocroatian_cyrillic_capital_letter_dje
Serbian_DZE	serbocroatian_cyrillic_capital_letter_dze
Serbian_JE	serbocroatian_cyrillic_capital_letter_je
Serbian_LJE	serbocroatian_cyrillic_capital_letter_lje
Serbian_NJE	serbocroatian_cyrillic_capital_letter_nje
Serbian_TSHE	serbocroatian_cyrillic_capital_letter_tshe
Serbian_dje	serbocroatian_cyrillic_small_letter_dje
Serbian_dze	serbocroatian_cyrillic_small_letter_dze
Serbian_je	serbocroatian_cyrillic_small_letter_je
Serbian_lje	serbocroatian_cyrillic_small_letter_lje
Serbian_nje	serbocroatian_cyrillic_small_letter_nje
Serbian_tshe	serbocroatian_cyrillic_small_letter_tshe
Shift_L	Shift
Shift_R	Shift
Super_L	Alt
Super_R	Alt
Sys_Req	Last_Console
Ukrainian_I	bielorussian_cyrillic_capital_letter_i
Ukrainian_I	ukrainian_cyrillic_capital_letter_i
Ukrainian_JE	ukrainian_cyrillic_capital_letter_ie
Ukrainian_YI	ukrainian_cyrillic_capital_letter_yi
Ukrainian_i	bielorussian_cyrillic_small_letter_i
Ukrainian_i	ukrainian_cyrillic_small_letter_i
Ukrainian_ie	ukrainian_cyrillic_small_letter_ie
Ukrainian_yi	ukrainian_cyrillic_small_letter_yi
XF86Switch_VT_1	Console_1
XF86Switch_VT_10	Console_10
XF86Switch_VT_11	Console_11
XF86Switch_VT_12	Console_12
XF86Switch_VT_2	Console_2
XF86Switch_VT_3	Console_3
XF86Switch_VT_4	Console_4
XF86Switch_VT_5	Console_5
XF86Switch_VT_6	Console_6
XF86Switch_VT_7	Console_7
XF86Switch_VT_8	Console_8
XF86Switch_VT_9	Console_9
dead_V	dead_caron
dead_acute	dead_acute
dead_breve	dead_breve
dead_caron	dead_caron
dead_cedilla	dead_cedilla
dead_circumflex	dead_circumflex
dead_diaeresis	dead_diaeresis
dead_doubleacute	dead_doubleacute
dead_grave	dead_grave
dead_ogonek	dead_ogonek
dead_tilde	dead_tilde
hebrew_aleph	alef
hebrew_ayin	ayin
hebrew_bet	bet
hebrew_chet	het
hebrew_dalet	dalet
hebrew_doublelowline	doubleunderscore
hebrew_finalkaph	finalkaf
hebrew_finalmem	finalmem
hebrew_finalnun	finalnun
hebrew_finalpe	finalpe
hebrew_finalzade	finaltsadi
hebrew_gimel	gimel
hebrew_he	he
hebrew_kaph	kaf
hebrew_lamed	lamed
hebrew_mem	mem
hebrew_nun	nun
hebrew_pe	pe
hebrew_qoph	qof
hebrew_resh	resh
hebrew_samech	samekh
hebrew_shin	shin
hebrew_taw	tav
hebrew_tet	tet
hebrew_waw	vav
hebrew_yod	yod
hebrew_zade	tsadi
hebrew_zain	zayin
